sgRNA_43,stdev_scaled_score
CGTTGCTGGCGTTTTTCCATAGGCTCCG, 1.27631271
CTTACATAAACAGTAATACAAGGGGTGT, 0.52708754
GCTTCCCGAAGGGAGAAAGGCGGACAGG,-0.38071247
CTTATATTCCCCAGAACATCAGGTTAAT,-0.63737063
GTGCTGCAAGGCGATTAAGTTGGGTAAC, 1.90826060
AAAGGCTCAGTCGAAAGACTGGGCCTTT,-0.19022487
CTTCTAGTGTAGCCGTAGTTAGGCCACC, 1.64641933
AAAGTATATATGAGTAAACTTGGTCTGA, 1.24317334
CGCACGAGGGAGCTTCCAGGGGGAAACG,-0.67409334
CTGATTTATATGGGTATAAATGGGCTCG,-0.91332701
ACCAGCGGTGGTTTGTTTGCCGGATCAA, 1.40987345
CGTATAGGCTGCGCAACTGTTGGGAAGG, 1.26366690
TTACATAAACAGTAATACAAGGGGTGTT, 0.92550282
TAAGCTTTTGCCATTCTCACCGGATTCA,-1.44233420
TCCGTACTCCTGATGATGCATGGTTACT, 0.31705238
TGCTGCAAGGCGATTAAGTTGGGTAACG,-1.69730531
AAGCATCCCGTATTGACGCCGGGCAAGA, 0.32596341
GTGTTATGAGCCATATTCAACGGGAAAC,-1.10846862
TACGACGTTTAGGCTATAAAAGGTTGAA, 0.37816674
TCGCCACTGGCAGCAGCCACTGGTAACA,-0.85957090
GCGACGGATGGTGATCCCCCTGGCCAGT,-1.05692385
CCGCTCGAGCATGCATCTAGAGGGCCCA,-0.58722432
CTTCCGGCTCGTATGTTGTGTGGAATTG, 0.27145583
CGCCATTAACCTGATGTTCTGGGGAATA,-1.29492362
TGATTTATATGGGTATAAATGGGCTCGC, 1.75719919
ACGACTGAATCCGGTGAGAATGGCAAAA,-1.15998670
GCGCAGCGGTCGGGCTGAACGGGGGGTT,-0.73880313
CTTTCTCCCTTCGGGAAGCGTGGCGCTT,-0.77785259
AGCATAAAGTGTAAAGCCTGGGGTGCCT,-0.83752062
CCGGATAAGGCGCAGCGGTCGGGCTGAA,-0.84225696
TGTGAGTTAGCTCACTCATTAGGCACCC, 0.07787363
CGCGGCCTTTTTACGGTTCCTGGCGACG,-1.33929911
CAGAGGTGGCGAAACCCGACAGGACTAT, 0.18387036
GGAGGTTTCTCTGTTAATCCAGGCATCA, 1.53043679
GTATAGGCTGCGCAACTGTTGGGAAGGG, 0.42115551
GGGATCACCATCCGTCGCCCCGGCGTGT,-1.16150857
GTTACTAGTGGATCCGAGCTCGGTACCA, 1.78503912
TCGTTTTATCTGTTGTTTGTCGGTGAAC,-0.03821808
TACATAAACAGTAATACAAGGGGTGTTA, 0.81971376
CGATTTTTGTGATGCTCGTCAGGGGGGC,-0.51161360
ACAGCAGACGTGCACTGGCCAGGGGGAT,-1.78464613
ACAGGTATCCGGTAAGCGGCAGGGTCGG, 1.12319031
ACTCTTTTTCCGAAGGTAACTGGCTTCA, 0.97504778
TCGAGCGGCCGCCAGTGTGATGGATATC, 1.44651599
CGGAGACAGATCGCTGAGATAGGTGCCT,-1.30618483
AACGGGAAACGTCTTGCTCGAGGCCGCG, 1.31472560
AATACGCGATCGCTGTTAAAAGGACAAT, 1.12975905
TCGGAACAGGAGAGCGCACGAGGGAGCT, 1.27734310
ATGATTACGCCAAGCTATTTAGGTGACA, 2.06775420
AGATACCAGGCGTTTCCCCCTGGAAGCT,-0.15224486
GGCTTTACACTTTATGCTTCCGGCTCGT,-0.68807673
GCGGACAGGTATCCGGTAAGCGGCAGGG, 0.57700061
CGTTTTTGATGTCATTTTCGCGGTGGCT,-1.28568650
AAATGCTTGATGGTCGGAAGAGGCATAA, 0.67863844
AAACTCACGTTAAGGGATTTTGGTCATG, 0.96254543
GCGACCGAGTTGCTCTTGCCCGGCGTCA,-0.97369762
CCTATACGTACGGCAGTTTAAGGTTTAC, 1.41574023
GAGCCGTTATCGTCTGTTTGTGGATGTA,-1.17797049
TGTTATGAGCCATATTCAACGGGAAACG, 0.73733982
GAAGCATAAAGTGTAAAGCCTGGGGTGC, 0.40396945
CAACTGTTGGGAAGGGCGATCGGTGCGG, 0.55680323
TGTGCCGGTCTCCGTTATCGGGGAAGAA, 0.35650100
AAATGGGCTCGCGATAATGTCGGGCAAT, 1.03209665
AAAAGCCGTTTCTGTAATGAAGGAGAAA, 0.92820083
TCTTCCCCGATAACGGAGACCGGCACAC,-1.37190243
CGGATAAAATGCTTGATGGTCGGAAGAG, 1.46003621
GACGCCGGGCAAGAGCAACTCGGTCGCC, 1.37168030
CAAACCACCGCTGGTAGCGGTGGTTTTT,-0.94948217
GATCCTTTGATCTTTTCTACGGGGTCTG,-0.27150183
GCGCATGATGACCACCGATATGGCCAGT,-0.89068599
GCAGAATTCCAGCACACTGGCGGCCGTT,-0.80419606
AGAGATTTTGAGACACAACGTGGCTTTG,-0.17131891
GCTCACTCATTAGGCACCCCAGGCTTTA, 0.47312360
AACATGGATGCTGATTTATATGGGTATA, 1.31174459
TGTATTGATGTTGGACGAGTCGGAATCG, 1.87715160
TTATAGCCTAAACGTCGTATAGGAGCAT, 0.21638790
TTAGAAGAATATCCTGATTCAGGTGAAA, 1.10369690
TACCTGGAATGCTGTTTTCCCGGGGATC,-0.40282112
AACTTCATTTTTAATTTAAAAGGATCTA,-0.85926194
CGCTGGCAGTGTTCCTGCGCCGGTTGCA,-0.99571875
ATATAAATCAGCATCCATGTTGGAATTT, 0.45295656
TGATAACCTTATTTTTGACGAGGGGAAA,-0.84907875
ATAACGGCTCTCTCTTTTATAGGTGTAA,-0.85112388
GAAAGGCTCAGTCGAAAGACTGGGCCTT,-0.91970196
ATTTCCCCTCGTCAAAAATAAGGTTATC,-1.01932753
ATCAAGCTTGGTACCGAGCTCGGATCCA,-0.28222240
CGTTTTACAACGTCGTGACTGGGAAAAC, 1.80641445
CGCTCGAGCATGCATCTAGAGGGCCCAA, 0.54718923
TTATTGACACGCCGGGGCGACGGATGGT,-0.23392285
CTCCCGTGAACTTTACCCGGTGGTGCAT,-0.86187611
GGTCAGACTAAACTGGCTGACGGAATTT, 0.29723451
ACAATATTTTCACCTGAATCAGGATATT,-0.82697892
GTAAGCGGCAGGGTCGGAACAGGAGAGC, 0.73471346
GGATGGCAAGATCCTGGTATCGGTCTGC, 0.19654663
TAGGTCGTTCGCTCCAAGCTGGGCTGTG, 1.81136364
TCTGCTAATCCTGTTACCAGTGGCTGCT, 1.43322985
GCCATTAACCTGATGTTCTGGGGAATAT,-1.60553675
AACTGCAATTTATTCATATCAGGATTAT,-0.88044844
ATCGACGCTCAAGTCAGAGGTGGCGAAA, 1.02939416
AGTACGGATAAAATGCTTGATGGTCGGA, 1.74824255
AAGACACGACTTATCGCCACTGGCAGCA, 1.52146028
CCCCGGGAAAACAGCATTCCAGGTATTA,-0.99344933
GCCATCCTATGGAACTGCCTCGGTGAGT,-0.47206454
TAAGTCGTGTCTTACCGGGTTGGACTCA,-0.03197260
CACCACCGGGTAAAGTTCACGGGAGACT,-1.18193140
CCCGACCGCTGCGCCTTATCCGGTAACT,-0.52282318
CAGCTGGCGTAATAGCGAAGAGGCCCGC,-1.16135337
TTACCCGGTGGTGCATATCGGGGATGAA,-0.60672847
TCCATAGGATGGCAAGATCCTGGTATCG,-0.92515919
CGCAGCGGTCGGGCTGAACGGGGGGTTC,-0.30271640
AGGCTGCGCAACTGTTGGGAAGGGCGAT, 0.38523763
ATTACGCCAGCTGGCGAAAGGGGGATGT,-1.07518080
TGTTTTCCCGGGGATCGCAGTGGTGAGT,-0.76714687
AGTTGCGCAGCCTATACGTACGGCAGTT, 0.95061531
CCTCTAGATGCATGCTCGAGCGGCCGCC, 0.88492834
GCTCTTGCCCGGCGTCAATACGGGATGC,-0.32356875
GCTATAAAAGGTTGAATAAGTGGAAAGC,-0.52173887
TTAATAGGTTGTATTGATGTTGGACGAG, 0.71563374
GACCGGCACACTGGCCATATCGGTGGTC,-1.15990640
AGTGTGCCGGTCTCCGTTATCGGGGAAG, 0.37358733
AGCTTCCAGGGGGAAACGCCTGGTATCT,-0.76376108
CGAAAGGGGGATGTGCTGCAAGGCGATT, 1.38856510
CATCCCCGATATGCACCACCGGGTAAAG,-0.56917838
CTGATGTTCTGGGGAATATAAGGCGCGC, 0.89774317
TCCCCAGAACATCAGGTTAATGGCGTTT,-1.23810680
CACATCCCCCTTTCGCCAGCTGGCGTAA, 0.71539370
GAGCGCACGAGGGAGCTTCCAGGGGGAA, 0.89496491
GCAGCGGTCGGGCTGAACGGGGGGTTCG, 0.23884077
GCTACCAACTCTTTTTCCGAAGGTAACT, 0.89973660
AGTAACGGCCGCCAGTGTGCTGGAATTC, 0.31215012
CTCTTCGCTATTACGCCAGCTGGCGAAA, 1.45684885
GGCTGCGCAACTGTTGGGAAGGGCGATC,-0.53477269
TGTGATGCTCGTCAGGGGGGCGGAGCCT,-0.90121908
CAAACAACAGATAAAACGAAAGGCCCAG,-0.53553611
ATGAAGGAGAAAACTCACCGAGGCAGTT,-1.05046102
CGTCGTGACTGGGAAAACCCTGGCGTTA,-0.36177152
CACACTGGCTCACCTTCGGGTGGGCCTT,-1.60169004
CTCAAGCTATGCATCAAGCTTGGTACCG, 1.74009064
ACGCTGTAGGTATCTCAGTTCGGTGTAG, 0.95737054
CTTTACCCGGTGGTGCATATCGGGGATG,-0.62720016
TTTCTCCTTCATTACAGAAACGGCTTTT, 0.49207111
GAGTCACACTGGCTCACCTTCGGGTGGG,-1.13623610
TTACGCCAGCTGGCGAAAGGGGGATGTG,-0.62930132
GACCCCGTAGAAAAGATCAAAGGATCTT,-1.01000376
TGAAAATATTGTTGATGCGCTGGCAGTG, 1.83847278
GTTGGGAAGGGCGATCGGTGCGGGCCTC,-0.71876786
GCAGATATCCATCACACTGGCGGCCGCT,-1.03260411
TCTTTCCAGACTTGTTCAACAGGCCAGC, 0.14927383
AGAGTTGGTAGCTCTTGATCCGGCAAAC,-0.84403442
GATAACGGAGACCGGCACACTGGCCATA,-0.33400682
GATTTTTGTGATGCTCGTCAGGGGGGCG, 1.02036634
GCCGCGATTAAATTCCAACATGGATGCT, 0.11575955
CAGCAGACGTGCACTGGCCAGGGGGATC,-1.71196930
CAGGTATCCGGTAAGCGGCAGGGTCGGA, 1.27277664
GCGCACGAGGGAGCTTCCAGGGGGAAAC,-0.92311667
TTCGTGCACACAGCCCAGCTTGGAGCGA,-0.11368991
ACTCACCGAGGCAGTTCCATAGGATGGC, 1.36608277
AAAGCATCCCGTATTGACGCCGGGCAAG,-0.33620071
ACACTGGCGGCCGTTACTAGTGGATCCG, 1.98933173
ACGCCATTAACCTGATGTTCTGGGGAAT,-0.99809716
CTCTTGCCCGGCGTCAATACGGGATGCT, 0.66296952
ACCGGATAAGGCGCAGCGGTCGGGCTGA, 0.46274455
GGAACGAAAACTCACGTTAAGGGATTTT, 0.16207907
AATGCTCCTATACGACGTTTAGGCTATA, 1.43320731
ACCGAGGCAGTTCCATAGGATGGCAAGA, 1.11717595
CACGCTTCCCGAAGGGAGAAAGGCGGAC, 1.22543244
AAAATCGACGCTCAAGTCAGAGGTGGCG,-0.23792598
GCTGGCCTGTTGAACAAGTCTGGAAAGA,-1.39396118
TTTTGTGATGCTCGTCAGGGGGGCGGAG,-0.72573710
AAAGCGCCACGCTTCCCGAAGGGAGAAA, 0.79612994
GTGAGTAACCATGCATCATCAGGAGTAC,-0.38370616
AGATCCTTTGATCTTTTCTACGGGGTCT,-0.37049886
TACTCACCACTGCGATCCCCGGGAAAAC,-0.63069725
GTGATATTATTGACACGCCGGGGCGACG, 0.81009764
ATGAGATGGTCAGACTAAACTGGCTGAC, 0.52098636
GCGACAATCTATCGATTGTACGGGAAGC,-1.31804625
ACCAGGATCTTGCCATCCTATGGAACTG,-0.36151686
GTAACAGGATTAGCAGAGCGAGGTATGT, 0.03825485
CACCGATATGGCCAGTGTGCCGGTCTCC,-0.75239869
CCGAAGGGAGAAAGGCGGACAGGTATCC, 0.38609763
AGAAACAACTCTGGCGCATCGGGCTTCC, 0.82458843
CCGGATTCAGTCGTCACTCATGGTGATT, 0.89165907
CCAGAGTTGTTTCTGAAACATGGCAAAG, 1.14727941
TATTACGCCAGCTGGCGAAAGGGGGATG, 0.91113596
AAATCAGATAAACGTGTTTGAGGAGGTT, 0.84595218
TTGATGACGAGCGTAATGGCTGGCCTGT,-0.99530042
TTAAAAGGACAATTACAAACAGGAATCG,-0.29853497
TCATCCCCGATATGCACCACCGGGTAAA,-0.90056770
GTTCCGACCCTGCCGCTTACCGGATACC, 0.59076366
CGGAACAGGAGAGCGCACGAGGGAGCTT, 0.70349278
TTACCAGTGGCTGCTGCCAGTGGCGATA, 0.49369417
CCATGTTTCAGAAACAACTCTGGCGCAT, 0.80880433
TAGGTATCTCAGTTCGGTGTAGGTCGTT, 1.76376340
GTTACCTTCGGAAAAAGAGTTGGTAGCT, 1.60155968
GTGCCTCACTGATTAAGCATTGGTAACT, 0.63072150
GATTAAGTTGGGTAACGCCAGGGTTTTC, 0.88562102
GCGATAAGTCGTGTCTTACCGGGTTGGA, 0.94707512
AAAAAAACCACCGCTACCAGCGGTGGTT,-0.83271873
GAGCTCGGATCCACTAGTAACGGCCGCC,-0.74974190
GGTATCTTTATAGTCCTGTCGGGTTTCG,-0.07919643
AGCGCACGAGGGAGCTTCCAGGGGGAAA,-0.93779778
AAACAGGAATCGAATGCAACCGGCGCAG, 1.20577589
CAGCGGTCGGGCTGAACGGGGGGTTCGT,-0.12748685
AGTGATATTATTGACACGCCGGGGCGAC,-0.60209340
AAGACGTTTCCCGTTGAATATGGCTCAT, 0.10483794
CTATTACGCCAGCTGGCGAAAGGGGGAT, 0.83726165
GACAGGACTATAAAGATACCAGGCGTTT, 0.47232749
TATCCGGTAAGCGGCAGGGTCGGAACAG,-0.04322820
ATGGAAAAACGCCAGCAACGCGGCCTTT, 0.14351327
AGCCACTTCTTCCCCGATAACGGAGACC,-0.97091439
TGGTATCTTTATAGTCCTGTCGGGTTTC, 0.64632936
ATCTGACAGCAGACGTGCACTGGCCAGG,-1.11095044
TTACCAATGCTTAATCAGTGAGGCACCT,-0.52921242
AAGACGATAGTTACCGGATAAGGCGCAG,-1.31662054
GTCACGACGTTGTAAAACGACGGCCAGT, 1.71303769
CAATGATGTTACAGATGAGATGGTCAGA, 2.09437692
CTACAGAGTTCTTGAAGTGGTGGCCTAA,-0.45690032
ACACTATTCTCAGAATGACTTGGTTGAG, 0.95607055
GCTCTCTACTAGAGTCACACTGGCTCAC,-0.68308529
AGCATTTCTAAACGTCGTATAGGAGCAT,-0.55402092
TGACACGCCGGGGCGACGGATGGTGATC,-0.53902523
TCTGCAGAATTCCAGCACACTGGCGGCC, 0.08614189
TCTGCAGATATCCATCACACTGGCGGCC,-0.78703726
ACCATGCATCATCAGGAGTACGGATAAA, 0.68565194
CTCCGTTATCGGGGAAGAAGTGGCTGAT,-1.01382789
TTTTTAATTTAAAAGGATCTAGGTGAAG,-0.18636812
TCCATGTTGGAATTTAATCGCGGCCTCG, 0.63065691
CGCGATAATGTCGGGCAATCAGGTGCGA,-0.97410418
AGCAGAGCGAGGTATGTAGGCGGTGCTA, 0.88035801
TTTGACGAGGGGAAATTAATAGGTTGTA, 0.76123478
CGGCACACTGGCCATATCGGTGGTCATC,-0.96654667
TGGTCATGAGATTATCAAAAAGGATCTT,-0.89388428
TGGTTAATTGGTTGTAACACTGGCACTC,-0.89597462
TTGAAGTGGTGGCCTAACTACGGCTACA, 2.05412857
TGCATATCGGGGATGAAAGCTGGCGCAT,-0.85380098
GGCGCAGCGGTCGGGCTGAACGGGGGGT,-0.39673635
CTGTCCGCCTTTCTCCCTTCGGGAAGCG, 0.99361059
AAGCATAAAGTGTAAAGCCTGGGGTGCC,-1.50219955
ACACTGGCTCACCTTCGGGTGGGCCTTT,-1.27370587
TCCGGCAAACAAACCACCGCTGGTAGCG,-0.27572278
CCTTAAACTGCCGTACGTATAGGCTGCG, 1.79916121
TAAATAGCTTGGCGTAATCATGGTCATA, 1.48378445
CTATCGTCTTGAGTCCAACCCGGTAAGA, 0.42548952
CTGCTGAAGCCAGTTACCTTCGGAAAAA, 1.65085967
AATGGGCTCGCGATAATGTCGGGCAATC,-0.39577572
GTGCTACAGAGTTCTTGAAGTGGTGGCC, 0.74693521
CATTCTGAGAATAGTGTATGCGGCGACC,-0.69158097
AGTTACCGGATAAGGCGCAGCGGTCGGG, 0.91379467
CAGGATATTCTTCTAATACCTGGAATGC,-0.90495079
CATCCACAAACAGACGATAACGGCTCTC,-0.95830262
TCGTTTTACAACGTCGTGACTGGGAAAA,-1.50724944
GTAGGTCGTTCGCTCCAAGCTGGGCTGT, 0.72958431
GCACCACCGGGTAAAGTTCACGGGAGAC,-0.89012958
TTTACCCGGTGGTGCATATCGGGGATGA,-0.68330959
ATTCCACACAACATACGAGCCGGAAGCA, 0.53890339
CGTTTATCTGATTTTTGTAAAGGCGCGC, 1.21844557
CTTTCGTTTTATTTGATGCCTGGATTAA, 0.24708186
CCGTAAAAAGGCCGCGTTGCTGGCGTTT,-0.94996096
ATCCTTTGATCTTTTCTACGGGGTCTGA, 0.50303153
AGTCACACTGGCTCACCTTCGGGTGGGC,-0.56298238
CAGGCATCAAATAAAACGAAAGGCTCAG,-1.98356312
CCTGGAATGCTGTTTTCCCGGGGATCGC,-1.00246856
TGGAACGAAAACTCACGTTAAGGGATTT, 0.57551914
CCATGAGTGACGACTGAATCCGGTGAGA,-0.53661527
TTTTTGTGATGCTCGTCAGGGGGGCGGA, 0.91322293
GAAAGCGCCACGCTTCCCGAAGGGAGAA,-1.83193594
ATCTCAGCGATCTGTCTCCGCGGAAATG,-0.56176468
ATAGTGTCACCTAAATAGCTTGGCGTAA, 1.57448267
TTACTCACCACTGCGATCCCCGGGAAAA,-0.99973147
GATTTTGATGACGAGCGTAATGGCTGGC, 1.78967509
AAAACCACCGCTACCAGCGGTGGTTTGT,-1.26220896
CAGAAACAACTCTGGCGCATCGGGCTTC, 1.12886757
TTGGGAAGGGCGATCGGTGCGGGCCTCT,-0.53948351
TTGTTTCTGAAACATGGCAAAGGTAGCG,-1.32384526
CGATTAAGTTGGGTAACGCCAGGGTTTT, 0.28537857
GGCGATAAGTCGTGTCTTACCGGGTTGG,-1.52980955
CCAGCAACGCGGCCTTTTTACGGTTCCT, 0.74533520
GAGTGATATTATTGACACGCCGGGGCGA, 1.64552937
ATTAGCAGAGCGAGGTATGTAGGCGGTG, 2.30385183
AGTCTCCCGTGAACTTTACCCGGTGGTG,-1.37931820
ACATGGATGCTGATTTATATGGGTATAA, 1.69732871
TCGCGTATTTCGTCTCGCTCAGGCGCAA, 0.13033852
TTTTGATGTCATTTTCGCGGTGGCTGAG,-0.81049819
GAATCGAATGCAACCGGCGCAGGAACAC,-0.67705745
CCTGTCCGCCTTTCTCCCTTCGGGAAGC,-0.01097134
GGACTCAAGACGATAGTTACCGGATAAG,-0.37394771
CATCTCATCTGTAACATCATTGGCAACG,-0.55424843
TGGCAGCAGCCACTGGTAACAGGATTAG,-1.07401053
GCAGACGTGCACTGGCCAGGGGGATCAC,-0.73637636
AAACGGCTTTTTCAAAAATATGGTATTG, 0.14506914
GAGAAAGGCGGACAGGTATCCGGTAAGC, 0.80480445
ATAACCTTATTTTTGACGAGGGGAAATT,-0.77669169
ACCTGGAATGCTGTTTTCCCGGGGATCG,-0.73290841
ATTTTTGTGATGCTCGTCAGGGGGGCGG, 0.03161391
AAACAAACCACCGCTGGTAGCGGTGGTT,-0.84225603
CTACGGGGTCTGACGCTCAGTGGAACGA,-0.93640044
CAGATTACGCGCAGAAAAAAAGGATCTC,-0.35475203
CGGAATCGCAGACCGATACCAGGATCTT,-1.32531764
CGTCAGGGGGGCGGAGCCTATGGAAAAA, 0.24430476
TCAGATAAACGTGTTTGAGGAGGTTTCT, 1.40167166
AGCAGACGTGCACTGGCCAGGGGGATCA,-1.13020408
GATAACCTTATTTTTGACGAGGGGAAAT,-0.63346573
