sgRNA43,stdev_scaled_score
AAAAAAACCACCGCTACCAGCGGTGGTT,-0.8130746865
AAAACCACCGCTACCAGCGGTGGTTTGT,-1.7018251164
AAAAGCCGTTTCTGTAATGAAGGAGAAA, 0.8035514370
AAAATCGACGCTCAAGTCAGAGGTGGCG,-0.7667222387
AAACAAACCACCGCTGGTAGCGGTGGTT,-1.0574334326
AAACAGGAATCGAATGCAACCGGCGCAG, 0.7824206965
AAACGGCTTTTTCAAAAATATGGTATTG, 0.0354009251
AAACTCACGTTAAGGGATTTTGGTCATG, 0.3466383552
AAAGCATCCCGTATTGACGCCGGGCAAG,-0.0959032428
AAAGCGCCACGCTTCCCGAAGGGAGAAA, 0.8042742665
AAAGTATATATGAGTAAACTTGGTCTGA, 1.2193794180
AAATCAGATAAACGTGTTTGAGGAGGTT, 0.5120764298
AAATGCTTGATGGTCGGAAGAGGCATAA, 0.3314399191
AAATGGGCTCGCGATAATGTCGGGCAAT, 0.7546627165
AACATGGATGCTGATTTATATGGGTATA, 1.0572480742
AACGGGAAACGTCTTGCTCGAGGCCGCG, 1.0697364821
AACTGCAATTTATTCATATCAGGATTAT,-0.9824294509
AACTTCATTTTTAATTTAAAAGGATCTA,-0.9361793698
AAGACACGACTTATCGCCACTGGCAGCA, 1.2269899338
AAGACGATAGTTACCGGATAAGGCGCAG,-2.2280954344
AAGACGTTTCCCGTTGAATATGGCTCAT, 0.1315342806
AAGCATCCCGTATTGACGCCGGGCAAGA, 0.5889438294
AATACGCGATCGCTGTTAAAAGGACAAT, 1.0305692530
AATGCTCCTATACGACGTTTAGGCTATA, 1.2202643342
AATGGGCTCGCGATAATGTCGGGCAATC,-0.6862948388
ACAATATTTTCACCTGAATCAGGATATT,-1.2150808444
ACACTATTCTCAGAATGACTTGGTTGAG, 0.6527761834
ACACTGGCGGCCGTTACTAGTGGATCCG, 1.2673011271
ACACTGGCTCACCTTCGGGTGGGCCTTT,-1.4871354415
ACAGCAGACGTGCACTGGCCAGGGGGAT,-2.1775988956
ACAGGTATCCGGTAAGCGGCAGGGTCGG, 0.7625973243
ACATGGATGCTGATTTATATGGGTATAA, 1.2372568638
ACCAGCGGTGGTTTGTTTGCCGGATCAA, 0.8630016620
ACCAGGATCTTGCCATCCTATGGAACTG,-0.4040838757
ACCATGCATCATCAGGAGTACGGATAAA, 0.2776386600
ACCGAGGCAGTTCCATAGGATGGCAAGA, 0.4675058658
ACCGGATAAGGCGCAGCGGTCGGGCTGA,-0.2512968308
ACCTGGAATGCTGTTTTCCCGGGGATCG,-0.8018656221
ACGACTGAATCCGGTGAGAATGGCAAAA,-1.6315995584
ACGCCATTAACCTGATGTTCTGGGGAAT,-0.2002877253
ACGCTGTAGGTATCTCAGTTCGGTGTAG, 0.6843563510
ACTCACCGAGGCAGTTCCATAGGATGGC, 0.9483550263
ACTCTTTTTCCGAAGGTAACTGGCTTCA, 0.6739890056
AGAAACAACTCTGGCGCATCGGGCTTCC, 0.5415181011
AGAGATTTTGAGACACAACGTGGCTTTG,-0.3313342987
AGAGTTGGTAGCTCTTGATCCGGCAAAC,-0.9196479754
AGATACCAGGCGTTTCCCCCTGGAAGCT, 0.0925467795
AGATCCTTTGATCTTTTCTACGGGGTCT,-0.4668083050
AGCAGACGTGCACTGGCCAGGGGGATCA,-1.5653041646
AGCAGAGCGAGGTATGTAGGCGGTGCTA, 0.5416758092
AGCATAAAGTGTAAAGCCTGGGGTGCCT, 0.5984872535
AGCATTTCTAAACGTCGTATAGGAGCAT,-0.5863661963
AGCCACTTCTTCCCCGATAACGGAGACC,-1.4990485964
AGCGCACGAGGGAGCTTCCAGGGGGAAA,-1.1695871187
AGCTTCCAGGGGGAAACGCCTGGTATCT,-1.2959489426
AGTAACGGCCGCCAGTGTGCTGGAATTC, 0.1177559459
AGTACGGATAAAATGCTTGATGGTCGGA, 1.3767241495
AGTCACACTGGCTCACCTTCGGGTGGGC,-0.8525520117
AGTCTCCCGTGAACTTTACCCGGTGGTG,-0.5086687476
AGTGATATTATTGACACGCCGGGGCGAC, 0.0853182906
AGTTACCGGATAAGGCGCAGCGGTCGGG, 0.3956450832
AGTTGCGCAGCCTATACGTACGGCAGTT, 0.4202125122
ATAACCTTATTTTTGACGAGGGGAAATT,-1.0988049911
ATAACGGCTCTCTCTTTTATAGGTGTAA, 0.2898681634
ATAGTGTCACCTAAATAGCTTGGCGTAA, 1.1521646815
ATATAAATCAGCATCCATGTTGGAATTT, 0.2211348778
ATCAAGCTTGGTACCGAGCTCGGATCCA,-0.9551230485
ATCCTTTGATCTTTTCTACGGGGTCTGA, 0.4204811612
ATCGACGCTCAAGTCAGAGGTGGCGAAA, 0.5309131623
ATCTCAGCGATCTGTCTCCGCGGAAATG,-0.7012391414
ATCTGACAGCAGACGTGCACTGGCCAGG,-0.2313573796
ATGAAGGAGAAAACTCACCGAGGCAGTT,-1.6076324271
ATGAGATGGTCAGACTAAACTGGCTGAC, 0.3283700879
ATGATTACGCCAAGCTATTTAGGTGACA, 1.6414380053
ATGGAAAAACGCCAGCAACGCGGCCTTT,-0.0824649279
ATTACGCCAGCTGGCGAAAGGGGGATGT,-1.4387987633
ATTAGCAGAGCGAGGTATGTAGGCGGTG, 1.9541709425
ATTTCCCCTCGTCAAAAATAAGGTTATC,-1.3192803277
ATTTTTGTGATGCTCGTCAGGGGGGCGG,-0.3777262010
CAAACCACCGCTGGTAGCGGTGGTTTTT,-1.3364861057
CAATGATGTTACAGATGAGATGGTCAGA, 1.5754017240
CACACTGGCTCACCTTCGGGTGGGCCTT,-1.9974645184
CACATCCCCCTTTCGCCAGCTGGCGTAA, 0.9174280793
CACCACCGGGTAAAGTTCACGGGAGACT,-0.2169686447
CACCGATATGGCCAGTGTGCCGGTCTCC,-0.0006127354
CACGCTTCCCGAAGGGAGAAAGGCGGAC, 1.0172870748
CAGAAACAACTCTGGCGCATCGGGCTTC, 1.0339223627
CAGAGGTGGCGAAACCCGACAGGACTAT, 0.8381364322
CAGATTACGCGCAGAAAAAAAGGATCTC,-0.2708195931
CAGCAGACGTGCACTGGCCAGGGGGATC,-2.3712837171
CAGCTGGCGTAATAGCGAAGAGGCCCGC,-1.6350225094
CAGGATATTCTTCTAATACCTGGAATGC,-0.9918094729
CAGGTATCCGGTAAGCGGCAGGGTCGGA, 0.7851834363
CATCCACAAACAGACGATAACGGCTCTC, 0.1002102425
CATCCCCGATATGCACCACCGGGTAAAG, 0.0705987068
CATCTCATCTGTAACATCATTGGCAACG,-0.5429188637
CATTCTGAGAATAGTGTATGCGGCGACC,-1.1664810404
CCAGAGTTGTTTCTGAAACATGGCAAAG, 1.0664146334
CCAGCAACGCGGCCTTTTTACGGTTCCT, 0.1505059373
CCATGAGTGACGACTGAATCCGGTGAGA,-0.8384144551
CCATGTTTCAGAAACAACTCTGGCGCAT, 0.5913854605
CCCCGGGAAAACAGCATTCCAGGTATTA,-1.3811335524
CCCGACCGCTGCGCCTTATCCGGTAACT,-0.7371712980
CCGAAGGGAGAAAGGCGGACAGGTATCC, 0.1019876885
CCGCTCGAGCATGCATCTAGAGGGCCCA,-0.7109756428
CCGGATTCAGTCGTCACTCATGGTGATT, 0.6256173874
CCGTAAAAAGGCCGCGTTGCTGGCGTTT,-0.9609673333
CCTATACGTACGGCAGTTTAAGGTTTAC, 1.1642821435
CCTCTAGATGCATGCTCGAGCGGCCGCC, 0.9214181391
CCTGGAATGCTGTTTTCCCGGGGATCGC,-1.1293453685
CCTGTCCGCCTTTCTCCCTTCGGGAAGC, 0.6657285898
CCTTAAACTGCCGTACGTATAGGCTGCG, 1.4889313275
CGAAAGGGGGATGTGCTGCAAGGCGATT, 0.6453965844
CGATTAAGTTGGGTAACGCCAGGGTTTT,-0.1705293946
CGATTTTTGTGATGCTCGTCAGGGGGGC,-0.4772390590
CGCACGAGGGAGCTTCCAGGGGGAAACG,-1.0125946544
CGCAGCGGTCGGGCTGAACGGGGGGTTC, 1.6489794683
CGCCATTAACCTGATGTTCTGGGGAATA, 0.6041349844
CGCGATAATGTCGGGCAATCAGGTGCGA,-1.1481969646
CGCGGCCTTTTTACGGTTCCTGGCGACG,-1.6689454920
CGCTCGAGCATGCATCTAGAGGGCCCAA, 0.5429513246
CGCTGGCAGTGTTCCTGCGCCGGTTGCA,-1.2254154912
CGGAACAGGAGAGCGCACGAGGGAGCTT, 1.8053914773
CGGAATCGCAGACCGATACCAGGATCTT,-1.5055267473
CGGAGACAGATCGCTGAGATAGGTGCCT,-1.7461043533
CGGATAAAATGCTTGATGGTCGGAAGAG, 1.1848857270
CGGCACACTGGCCATATCGGTGGTCATC,-0.4801059173
CGTATAGGCTGCGCAACTGTTGGGAAGG, 0.1550861199
CGTCAGGGGGGCGGAGCCTATGGAAAAA,-1.6637785871
CGTCGTGACTGGGAAAACCCTGGCGTTA,-0.5560048952
CGTTGCTGGCGTTTTTCCATAGGCTCCG, 1.2139749781
CGTTTATCTGATTTTTGTAAAGGCGCGC, 1.0066984643
CGTTTTACAACGTCGTGACTGGGAAAAC, 1.6335126971
CGTTTTTGATGTCATTTTCGCGGTGGCT, 0.4105094462
CTACAGAGTTCTTGAAGTGGTGGCCTAA,-0.5438411549
CTACGGGGTCTGACGCTCAGTGGAACGA,-0.9697847684
CTATCGTCTTGAGTCCAACCCGGTAAGA, 0.4307875156
CTATTACGCCAGCTGGCGAAAGGGGGAT, 0.9448660812
CTCAAGCTATGCATCAAGCTTGGTACCG, 1.3680481928
CTCCCGTGAACTTTACCCGGTGGTGCAT,-0.4747359474
CTCCGTTATCGGGGAAGAAGTGGCTGAT,-0.4918690199
CTCTTCGCTATTACGCCAGCTGGCGAAA, 1.1900282487
CTCTTGCCCGGCGTCAATACGGGATGCT, 0.4288232386
CTGATGTTCTGGGGAATATAAGGCGCGC, 0.5909533036
CTGATTTATATGGGTATAAATGGGCTCG,-0.9796353690
CTGCTGAAGCCAGTTACCTTCGGAAAAA, 1.3915844735
CTGTCCGCCTTTCTCCCTTCGGGAAGCG, 1.3069266113
CTTACATAAACAGTAATACAAGGGGTGT, 0.5736534602
CTTATATTCCCCAGAACATCAGGTTAAT, 0.1755891465
CTTCTAGTGTAGCCGTAGTTAGGCCACC, 1.3357243160
CTTTACCCGGTGGTGCATATCGGGGATG,-0.1906223574
CTTTCTCCCTTCGGGAAGCGTGGCGCTT,-0.6218355055
GAAAGCGCCACGCTTCCCGAAGGGAGAA,-2.2761056875
GAAAGGCTCAGTCGAAAGACTGGGCCTT,-1.4750214232
GAATCGAATGCAACCGGCGCAGGAACAC,-0.9298387746
GACAGGACTATAAAGATACCAGGCGTTT, 1.1425829939
GACCCCGTAGAAAAGATCAAAGGATCTT,-1.1931105180
GACCGGCACACTGGCCATATCGGTGGTC, 0.1129158216
GACGCCGGGCAAGAGCAACTCGGTCGCC, 1.1747400095
GAGAAAGGCGGACAGGTATCCGGTAAGC, 0.3199680582
GAGCCGTTATCGTCTGTTTGTGGATGTA,-0.5504194087
GAGCGCACGAGGGAGCTTCCAGGGGGAA,-0.0439753868
GAGCTCGGATCCACTAGTAACGGCCGCC,-1.2275176083
GAGTCACACTGGCTCACCTTCGGGTGGG,-1.6098034881
GAGTGATATTATTGACACGCCGGGGCGA, 0.7977000390
GATAACCTTATTTTTGACGAGGGGAAAT,-1.3557543342
GATCCTTTGATCTTTTCTACGGGGTCTG,-0.2034754812
GATTAAGTTGGGTAACGCCAGGGTTTTC, 0.1489088462
GATTTTGATGACGAGCGTAATGGCTGGC, 1.2838701044
GATTTTTGTGATGCTCGTCAGGGGGGCG, 0.7930283261
GCACCACCGGGTAAAGTTCACGGGAGAC, 0.1538715829
GCAGAATTCCAGCACACTGGCGGCCGTT,-0.8160200875
GCAGACGTGCACTGGCCAGGGGGATCAC,-0.3276650913
GCAGATATCCATCACACTGGCGGCCGCT,-1.2642421199
GCAGCGGTCGGGCTGAACGGGGGGTTCG, 1.7968455959
GCCATCCTATGGAACTGCCTCGGTGAGT,-1.0132898339
GCCATTAACCTGATGTTCTGGGGAATAT, 0.1778303575
GCCGCGATTAAATTCCAACATGGATGCT, 0.0380149879
GCGACAATCTATCGATTGTACGGGAAGC,-1.5045105177
GCGACCGAGTTGCTCTTGCCCGGCGTCA,-1.1274982688
GCGACGGATGGTGATCCCCCTGGCCAGT,-1.1603637257
GCGATAAGTCGTGTCTTACCGGGTTGGA, 0.9028611305
GCGCACGAGGGAGCTTCCAGGGGGAAAC,-1.2264259913
GCGCATGATGACCACCGATATGGCCAGT,-0.2840343392
GCGGACAGGTATCCGGTAAGCGGCAGGG,-0.0599595314
GCTACCAACTCTTTTTCCGAAGGTAACT, 0.7172618477
GCTATAAAAGGTTGAATAAGTGGAAAGC,-0.7864971734
GCTCTCTACTAGAGTCACACTGGCTCAC,-0.8949778855
GCTCTTGCCCGGCGTCAATACGGGATGC,-0.4932010259
GCTGGCCTGTTGAACAAGTCTGGAAAGA,-1.8275939299
GCTTCCCGAAGGGAGAAAGGCGGACAGG,-1.1622084153
GGAACGAAAACTCACGTTAAGGGATTTT, 0.0310905877
GGACTCAAGACGATAGTTACCGGATAAG,-1.3596628181
GGAGGTTTCTCTGTTAATCCAGGCATCA, 1.0889630275
GGATGGCAAGATCCTGGTATCGGTCTGC,-0.1600467205
GGCGATAAGTCGTGTCTTACCGGGTTGG,-1.7694872713
GGGATCACCATCCGTCGCCCCGGCGTGT,-0.5181695483
GGTATCTTTATAGTCCTGTCGGGTTTCG,-0.0865445694
GGTCAGACTAAACTGGCTGACGGAATTT,-0.2135790997
GTAACAGGATTAGCAGAGCGAGGTATGT,-0.6907679105
GTAAGCGGCAGGGTCGGAACAGGAGAGC,-0.0005080494
GTAGGTCGTTCGCTCCAAGCTGGGCTGT, 0.9165336163
GTATAGGCTGCGCAACTGTTGGGAAGGG,-1.3886543775
GTCACGACGTTGTAAAACGACGGCCAGT, 1.0021363801
GTGAGTAACCATGCATCATCAGGAGTAC,-0.6715681544
GTGATATTATTGACACGCCGGGGCGACG, 0.1122772117
GTGCCTCACTGATTAAGCATTGGTAACT, 0.5879946779
GTGCTACAGAGTTCTTGAAGTGGTGGCC, 0.2343576748
GTGCTGCAAGGCGATTAAGTTGGGTAAC, 1.2746324690
GTGTTATGAGCCATATTCAACGGGAAAC,-1.3851394548
GTTACCTTCGGAAAAAGAGTTGGTAGCT, 1.2306825417
GTTACTAGTGGATCCGAGCTCGGTACCA, 1.3072508389
GTTCCGACCCTGCCGCTTACCGGATACC, 0.5362711769
GTTGGGAAGGGCGATCGGTGCGGGCCTC, 0.9193452346
TAAATAGCTTGGCGTAATCATGGTCATA, 1.5166545677
TAAGCTTTTGCCATTCTCACCGGATTCA,-1.6011652600
TAAGTCGTGTCTTACCGGGTTGGACTCA,-0.2856149301
TACATAAACAGTAATACAAGGGGTGTTA, 0.4688010015
TACCTGGAATGCTGTTTTCCCGGGGATC,-0.4909025244
TACGACGTTTAGGCTATAAAAGGTTGAA,-0.1022152922
TACTCACCACTGCGATCCCCGGGAAAAC,-0.5959410593
TAGGTATCTCAGTTCGGTGTAGGTCGTT, 1.4967072888
TAGGTCGTTCGCTCCAAGCTGGGCTGTG, 1.2444259916
TATCCGGTAAGCGGCAGGGTCGGAACAG,-0.1059373178
TATTACGCCAGCTGGCGAAAGGGGGATG, 1.0472493115
TCAGATAAACGTGTTTGAGGAGGTTTCT, 0.8722270941
TCATCCCCGATATGCACCACCGGGTAAA,-0.2641773797
TCCATAGGATGGCAAGATCCTGGTATCG,-0.8997521853
TCCATGTTGGAATTTAATCGCGGCCTCG, 0.7123711751
TCCCCAGAACATCAGGTTAATGGCGTTT,-0.5426459187
TCCGGCAAACAAACCACCGCTGGTAGCG,-0.1670019305
TCCGTACTCCTGATGATGCATGGTTACT, 0.1001829398
TCGAGCGGCCGCCAGTGTGATGGATATC, 1.1621553239
TCGCCACTGGCAGCAGCCACTGGTAACA,-1.5938234081
TCGCGTATTTCGTCTCGCTCAGGCGCAA,-0.0280679767
TCGGAACAGGAGAGCGCACGAGGGAGCT,-0.2407982438
TCGTTTTACAACGTCGTGACTGGGAAAA,-2.3899164603
TCTGCAGAATTCCAGCACACTGGCGGCC,-0.0827391549
TCTGCAGATATCCATCACACTGGCGGCC,-1.2386442892
TCTGCTAATCCTGTTACCAGTGGCTGCT, 1.3919510264
TCTTCCCCGATAACGGAGACCGGCACAC,-2.1201523898
TCTTTCCAGACTTGTTCAACAGGCCAGC, 0.2860904859
TGAAAATATTGTTGATGCGCTGGCAGTG, 1.3014620359
TGACACGCCGGGGCGACGGATGGTGATC,-0.5711306138
TGATAACCTTATTTTTGACGAGGGGAAA,-1.2233659042
TGATTTATATGGGTATAAATGGGCTCGC, 1.8171313701
TGCATATCGGGGATGAAAGCTGGCGCAT,-0.3025091854
TGCTGCAAGGCGATTAAGTTGGGTAACG,-2.0723393318
TGGAACGAAAACTCACGTTAAGGGATTT, 0.3990726912
TGGCAGCAGCCACTGGTAACAGGATTAG,-1.2165780464
TGGTATCTTTATAGTCCTGTCGGGTTTC, 0.2265363998
TGGTCATGAGATTATCAAAAAGGATCTT,-1.0330558658
TGGTTAATTGGTTGTAACACTGGCACTC,-1.1617206941
TGTATTGATGTTGGACGAGTCGGAATCG, 1.3682823177
TGTGATGCTCGTCAGGGGGGCGGAGCCT,-0.7349062429
TGTTATGAGCCATATTCAACGGGAAACG, 0.5081213595
TGTTTTCCCGGGGATCGCAGTGGTGAGT,-1.1103482865
TTAAAAGGACAATTACAAACAGGAATCG,-0.2819063764
TTAATAGGTTGTATTGATGTTGGACGAG, 0.5206295962
TTACATAAACAGTAATACAAGGGGTGTT, 0.8860624016
TTACCAATGCTTAATCAGTGAGGCACCT,-0.7158000900
TTACCAGTGGCTGCTGCCAGTGGCGATA, 0.4533914574
TTACCCGGTGGTGCATATCGGGGATGAA,-0.1098517946
TTACGCCAGCTGGCGAAAGGGGGATGTG,-0.8620623419
TTACTCACCACTGCGATCCCCGGGAAAA,-1.2497209062
TTAGAAGAATATCCTGATTCAGGTGAAA, 0.9692579770
TTATAGCCTAAACGTCGTATAGGAGCAT, 0.3752145820
TTATTGACACGCCGGGGCGACGGATGGT,-0.0372288199
TTCGTGCACACAGCCCAGCTTGGAGCGA,-0.3682661747
TTGAAGTGGTGGCCTAACTACGGCTACA, 1.3204039644
TTGATGACGAGCGTAATGGCTGGCCTGT,-1.6224489747
TTGTTTCTGAAACATGGCAAAGGTAGCG,-1.5891577891
TTTACCCGGTGGTGCATATCGGGGATGA,-0.1479997701
TTTCTCCTTCATTACAGAAACGGCTTTT, 0.5083780705
TTTGACGAGGGGAAATTAATAGGTTGTA, 0.1919138175
TTTTGATGTCATTTTCGCGGTGGCTGAG, 0.4239883953
TTTTGTGATGCTCGTCAGGGGGGCGGAG,-1.3821634938
TTTTTAATTTAAAAGGATCTAGGTGAAG,-0.3562456329
TTTTTGTGATGCTCGTCAGGGGGGCGGA, 0.4551103397
